<?xml version="1.0" encoding="UTF-8"?>
<metadata modelVersion="1.1.0">
  <groupId>cn.leon</groupId>
  <artifactId>webamgic-core4</artifactId>
  <version>0.0.1-SNAPSHOT</version>
  <versioning>
    <snapshot>
      <localCopy>true</localCopy>
    </snapshot>
    <lastUpdated>20200727055309</lastUpdated>
    <snapshotVersions>
      <snapshotVersion>
        <extension>jar</extension>
        <value>0.0.1-SNAPSHOT</value>
        <updated>20200727055309</updated>
      </snapshotVersion>
      <snapshotVersion>
        <extension>pom</extension>
        <value>0.0.1-SNAPSHOT</value>
        <updated>20200727055309</updated>
      </snapshotVersion>
    </snapshotVersions>
  </versioning>
</metadata>
